"Mutation","HGVSp","HGVSg","gnomAD genome allele frequency","gnomAD exome allele frequency","REVEL score","Mutation sources","Stability (FoldX5, kcal/mol) [md]","Stability (Rosetta Cartddg2020, kcal/mol) [md]","Stability (RaSP, kcal/mol) [md]","Stability classification, (Rosetta, FoldX) [md]","Stability classification, (RaSP, FoldX) [md]","Stability (FoldX5, kcal/mol, st. dev.) [md]","Stability (Rosetta Cartddg2020, kcal/mol, st. dev.) [md]","Stability (RaSP, kcal/mol, st. dev.) [md]","Stability (RaSP, kcal/mol) [md_25]","Stability (FoldX5, kcal/mol) [md_25]","Stability classification, (RaSP, FoldX) [md_25]","Stability (RaSP, kcal/mol, st. dev.) [md_25]","Stability (FoldX5, kcal/mol, st. dev.) [md_25]","EFoldMine - part of early folding region","EFoldMine score","Local Int. (Binding with PCNA_9B8T_AD, heterodimer, FoldX5, kcal/mol) [md]","Local Int. (Binding with CDC45_7PLO, heterodimer, FoldX5, kcal/mol) [md]","Local Int. (Binding with MCM5_7PLO, heterodimer, FoldX5, kcal/mol) [md]","Local Int. (Binding with PCNA_9B8T_AB, heterodimer, FoldX5, kcal/mol) [md]","Local Int. (Binding with MCM2_7PLO, heterodimer, FoldX5, kcal/mol) [md]","Local Int. (Binding with POLE2_7PLO, heterodimer, FoldX5, kcal/mol) [md]","Local Int. (Binding with PCNA_9B8T_AC, heterodimer, FoldX5, kcal/mol) [md]","Local Int. (Binding with PCNA_9B8T_AD, heterodimer, Rosetta Talaris 2014, kcal/mol) [md]","Local Int. (Binding with CDC45_7PLO, heterodimer, Rosetta Talaris 2014, kcal/mol) [md]","Local Int. (Binding with MCM5_7PLO, heterodimer, Rosetta Talaris 2014, kcal/mol) [md]","Local Int. (Binding with PCNA_9B8T_AB, heterodimer, Rosetta Talaris 2014, kcal/mol) [md]","Local Int. (Binding with MCM2_7PLO, heterodimer, Rosetta Talaris 2014, kcal/mol) [md]","Local Int. (Binding with POLE2_7PLO, heterodimer, Rosetta Talaris 2014, kcal/mol) [md]","Local Int. (Binding with PCNA_9B8T_AC, heterodimer, Rosetta Talaris 2014, kcal/mol) [md]","Local Int. classification (MCM5_7PLO) [md]","Local Int. classification (PCNA_9B8T_AD) [md]","Local Int. classification (PCNA_9B8T_AB) [md]","Local Int. classification (CDC45_7PLO) [md]","Local Int. classification (POLE2_7PLO) [md]","Local Int. classification (MCM2_7PLO) [md]","Local Int. classification (PCNA_9B8T_AC) [md]","Local Int. With DNA (9F6I_27-1175_retromut_arrest, heterodimer, FoldX5, kcal/mol) [md]","Local Int. With DNA (9B8T_24-1198_retromut_closed, heterodimer, FoldX5, kcal/mol) [md]","Local Int. With DNA (9F6K_27-1175_frayed, heterodimer, FoldX5, kcal/mol) [md]","Local Int. With DNA (9F6L_27-1175_mismatch_excision, heterodimer, FoldX5, kcal/mol) [md]","Local Int. With DNA (9B8S_27-1198_retromut_open, heterodimer, FoldX5, kcal/mol) [md]","Local Int. With DNA classification (9F6I_27-1175_retromut_arrest) [md]","Local Int. With DNA classification (9B8T_24-1198_retromut_closed) [md]","Local Int. With DNA classification (9B8S_27-1198_retromut_open) [md]","Local Int. With DNA classification (9F6K_27-1175_frayed) [md]","Local Int. With DNA classification (9F6L_27-1175_mismatch_excision) [md]","Relative Side Chain Solvent Accessibility in wild-type (average) [md]","Relative Side Chain Solvent Accessibility in wild-type (standard deviation) [md]","PTMs [md]","is site part of phospho-SLiM [md]","PTM residue SASA (%) [md]","Change in stability with PTM (FoldX5, kcal/mol) [md]","PTM effect in regulation [md]","PTM effect in stability [md]","PTM effect in function [md]","AlloSigma2-PSN classification - pockets and interfaces [md]","Functional sites (cofactor)","Functional sites (active site)","ClinVar Variation ID","ClinVar Interpretation","ClinVar Review Status","AlphaFold2 model pLDDT score","AlphaFold2 model secondary structure","DeMaSk delta fitness","DeMaSk Shannon entropy","DeMaSk log2 variant frequency","GEMME Score","EVE score","EVE classification (25% Uncertain)","AlphaMissense pathogenicity score","AlphaMissense classification","Experimental data (miscellaneous, Functional (POLED_DB))","Experimental data classification (miscellaneous, Functional (POLED_DB))","References","Local Int. (Binding with LASP1_AFmulti_Huri, heterodimer, FoldX5, kcal/mol) [md]","Local Int. (Binding with PCNA_AFmulti, heterodimer, FoldX5, kcal/mol) [md]","Local Int. (Binding with POLD4_AFmulti, heterodimer, FoldX5, kcal/mol) [md]","Local Int. (Binding with POLD2_6TNY, heterodimer, FoldX5, kcal/mol) [md]","Local Int. (Binding with LASP1_AFmulti_Huri, heterodimer, Rosetta Talaris 2014, kcal/mol) [md]","Local Int. (Binding with PCNA_AFmulti, heterodimer, Rosetta Talaris 2014, kcal/mol) [md]","Local Int. (Binding with POLD4_AFmulti, heterodimer, Rosetta Talaris 2014, kcal/mol) [md]","Local Int. (Binding with POLD2_6TNY, heterodimer, Rosetta Talaris 2014, kcal/mol) [md]","Local Int. classification (LASP1_AFmulti_Huri) [md]","Local Int. classification (PCNA_AFmulti) [md]","Local Int. classification (POLD4_AFmulti) [md]","Local Int. classification (POLD2_6TNY) [md]","Local Int. With DNA (6TNY_APT, heterodimer, FoldX5, kcal/mol) [md]","Local Int. With DNA (6TNZ_APT, heterodimer, FoldX5, kcal/mol) [md]","Local Int. With DNA (6S1N_APT, heterodimer, FoldX5, kcal/mol) [md]","Local Int. With DNA (6S1M_APT, heterodimer, FoldX5, kcal/mol) [md]","Local Int. With DNA (6S1O_APT, heterodimer, FoldX5, kcal/mol) [md]","Local Int. With DNA classification (6TNY_APT) [md]","Local Int. With DNA classification (6S1M_APT) [md]","Local Int. With DNA classification (6S1O_APT) [md]","Local Int. With DNA classification (6S1N_APT) [md]","Local Int. With DNA classification (6TNZ_APT) [md]","AlloSigma2-PSN classification - active sites [md]","AlloSigma2-PSN classification - cofactor sites [md]","is_VUS","REVEL score_ACMG","AlphaMissense pathogenicity score_ACMG","EVE score_ACMG","GEMME Score_ACMG","DeMaSk delta fitness_ACMG","PP3_BP4","PM1_like","Mechanism_Stability","Mechanism_Local_Int.","Mechanism_Local_Int._DNA","Mechanism_PTM_stability","Mechanism_PTM_function","Mechanism_Long_Range","Mechanism_Functional_sites","Local_Int_partners","Mechanisms_list"
"F274C","NP_006222:p.Phe274Cys","hg19,12:g.133253220A>C, hg38,12:g.132676634A>C","","","0.845","COSMIC,clinvar,saturation_mutlist","3.66684","","4.619931934140766","","Destabilizing","0.41266","","0.2745202980204362","4.414718421783352","3.66684","Destabilizing","0.3792686044444012","0.41266","False","0.092","","","","","","","","","","","","","","","","","","","","","","","","","-0.00166","","","","","","Neutral","6.492","4.929","","False","6.492","","neutral","neutral","neutral","neutral","neutral","neutral","827519","Uncertain significance","2","96.3","E","-0.3281","0.9671","-22.1795","-4.49752184656308","0.6072190110301283","Uncertain","0.9483","pathogenic","","","https://doi.org/10.1101/2022.10.22.513328,https://doi.org/10.1101/2025.08.04.653638","","","","","","","","","","","","","","","","","","","","","","","","","True","PP3","","","","","PP3","True","1","0","0","0","0","0","0","","Stability"
"F274S","NP_006222:p.Phe274Ser","hg19,12:g.133253220A>G, hg38,12:g.132676634A>G","","","0.825","clinvar,saturation_mutlist","4.14647","","5.42548584093825","","Destabilizing","0.60115","","0.2624272051030697","5.096804674924865","4.14647","Destabilizing","0.4459896752045499","0.60115","False","0.092","","","","","","","","","","","","","","","","","","","","","","","","","-0.00172","","","","","","Neutral","6.492","4.929","","False","6.492","","neutral","neutral","neutral","neutral","neutral","neutral","2092534","Uncertain significance","1","96.3","E","-0.339","0.9671","-22.1795","-4.49752184656308","0.45993779959624","Uncertain","0.9851","pathogenic","","","https://doi.org/10.1101/2022.10.22.513328,https://doi.org/10.1101/2025.08.04.653638","","","","","","","","","","","","","","","","","","","","","","","","","True","PP3","","","","","PP3","True","1","0","0","0","0","0","0","","Stability"
"D275H","NP_006222:p.Asp275His","hg19,12:g.133253218C>G, hg38,12:g.132676632C>G","","","0.731","cBioPortal,clinvar,saturation_mutlist","-1.73785","","0.0472805642418968","","Neutral","0.70485","","0.1566987505699401","-0.0822938194133755","-1.73785","Neutral","0.2524512827466528","0.70485","False","0.061","","","","","","","","","","","","","","","","","","","","","","","","","-1.35316","","","","","","Stabilizing","24.858","6.821","","False","24.858","","neutral","neutral","neutral","neutral","neutral","neutral","246352, 246352","Uncertain significance, Uncertain significance","2, 1","96.23","E","-0.3577","0.0001","-22.1795","-6.79362736094798","0.8478776111096766","Pathogenic","0.9982","pathogenic","significant","damaging","https://doi.org/10.1101/2022.10.22.513328,https://doi.org/10.1101/2025.08.04.653638","","","","","","","","","","","","","","","","","","","","","","","","","True","PP3","PP3","PP3","","","PP3","True","0","0","1","0","0","0","0","","Local Int. DNA"
"I276N","NP_006222:p.Ile276Asn","hg19,12:g.133253214A>T, hg38,12:g.132676628A>T","","","0.79","cBioPortal,clinvar,saturation_mutlist","3.7272","","3.3045564435764447","","Destabilizing","0.58163","","0.0555415561688002","3.1497448592698","3.7272","Destabilizing","0.2452460434203797","0.58163","False","0.055","","","","","","","","","","","","","","","","","","","","","","","","","0.2477","","","","","","Neutral","5.231","3.471","","True","5.231","","neutral","neutral","neutral","neutral","neutral","neutral","1373117","Uncertain significance","1","95.45","E","-0.4631","0.0001","-22.1795","-6.7937583699139","0.8489178530640545","Pathogenic","0.9926","pathogenic","","","https://doi.org/10.1101/2022.10.22.513328,https://doi.org/10.1101/2025.08.04.653638","","","","","","","","","","","","","","","","","","","","","","","","","True","PP3","","PP3","","PP3","PP3","True","1","0","0","0","0","0","0","","Stability"
"I293T","NP_006222:p.Ile293Thr","hg19,12:g.133253163A>G, hg38,12:g.132676577A>G","","","0.745","cBioPortal,COSMIC,clinvar,saturation_mutlist","3.91833","","3.1171205938761","","Destabilizing","0.21571","","0.1992930824454093","3.3222871803399903","3.91833","Destabilizing","0.2831242352387004","0.21571","False","0.152","","","","","","","","","","","","","","","","","","","","","","","","","","","","","","","","6.051","3.6","","True","6.051","","neutral","neutral","neutral","neutral","neutral","neutral","1390111","Uncertain significance","2","96.04","E","-0.3147","0.7466","-22.1795","-5.00105228680293","0.8263319813621656","Pathogenic","0.9899","pathogenic","","","https://doi.org/10.1101/2022.10.22.513328,https://doi.org/10.1101/2025.08.04.653638","","","","","","","","","","","","","","","","","","","","","","","","","True","PP3","","","","","PP3","True","1","0","0","0","0","0","0","","Stability"
"I296T","NP_006222:p.Ile296Thr","hg19,12:g.133253154A>G, hg38,12:g.132676568A>G","","","0.814","clinvar,saturation_mutlist","3.70763","","2.9039332549986168","","Uncertain","0.28116","","0.2046771450406356","3.1656967530519045","3.70763","Destabilizing","0.2315728838156682","0.28116","True","0.341","","","","","","","","","","","","","","","","","","","","","","","","","","","","","","","","7.679","6.907","","False","7.679","","neutral","neutral","neutral","neutral","neutral","neutral","2081606","Uncertain significance","2","97.27","E","-0.3672","0.1757","-22.1825","-6.3882798134083","0.8568649173431835","Pathogenic","0.9652","pathogenic","","","https://doi.org/10.1101/2022.10.22.513328,https://doi.org/10.1101/2025.08.04.653638","","","","","","","","","","","","","","","","","","","","","","","","","True","PP3","","PP3","","PP3","PP3","True","1","0","0","0","0","0","0","","Stability"
"Y298C","NP_006222:p.Tyr298Cys","hg19,12:g.133253148T>C, hg38,12:g.132676562T>C","","","0.642","cBioPortal,clinvar,saturation_mutlist","4.04387","","4.193606648137139","","Destabilizing","0.45718","","0.2790318070825698","4.128538703375241","4.04387","Destabilizing","0.2588327091087095","0.45718","True","0.271","","","","","","","","","","","","","","","","","","","","","","","","","","","","","","","","7.674","3.681","","False","7.674","","uncertain","","","neutral","neutral","neutral","969330","Uncertain significance","2","96.6","E","-0.4224","0.0001","-22.1825","-6.85301108052771","0.6045345904301086","Uncertain","0.7958","pathogenic","","","https://doi.org/10.1101/2022.10.22.513328,https://doi.org/10.1101/2025.08.04.653638","","","","","","","","","","","","","","","","","","","","","","","","","True","PP3","","","","PP3","PP3","True","1","0","0","0","0","0","0","","Stability"
"N309D","NP_006222:p.Asn309Asp","hg19,12:g.133252775T>C, hg38,12:g.132676189T>C","","","0.451","clinvar,saturation_mutlist","3.25695","","3.5268190410292983","","Destabilizing","0.58864","","0.5173052739603988","3.07541651352295","3.25695","Destabilizing","0.5800942793813557","0.58864","False","0.069","","","","","","","","","","","","","","","","","","","","","","","","","","","","","","","","0.0","0.001","","True","0.0","","neutral","neutral","neutral","uncertain","neutral","neutral","2806908","Uncertain significance","1","96.03","E","-0.3318","0.0001","-22.1795","-4.31420861973199","0.8538973345064569","Pathogenic","0.9741","pathogenic","","","https://doi.org/10.1101/2022.10.22.513328,https://doi.org/10.1101/2025.08.04.653638","","","","","","","","","","","","","","","","","","","","","","","","","True","","","PP3","","","PP3","True","1","0","0","0","0","0","0","","Stability"
"I317S","NP_006222:p.Ile317Ser","hg19,12:g.133252750A>C, hg38,12:g.132676164A>C","","","0.451","clinvar,saturation_mutlist","4.15858","","4.2466148175705145","","Destabilizing","0.61391","","0.2172155851786416","4.253880576647468","4.15858","Destabilizing","0.361572267858638","0.61391","False","0.045","","","","","","","","","","","","","","","","","","","","","","","","","","","","","","","","3.081","3.378","","False","3.081","","neutral","neutral","neutral","neutral","neutral","neutral","439283","Uncertain significance","2","93.72","-","-0.3978","0.7474","-22.1765","-5.7339577422478","0.43432997777583","Uncertain","0.9236","pathogenic","","","https://doi.org/10.1101/2022.10.22.513328,https://doi.org/10.1101/2025.08.04.653638","","","","","","","","","","","","","","","","","","","","","","","","","True","","","","","PP3","PP3","True","1","0","0","0","0","0","0","","Stability"
"F320C","NP_006222:p.Phe320Cys","hg19,12:g.133252741A>C, hg38,12:g.132676155A>C","","","0.642","clinvar,saturation_mutlist","3.54801","","3.820596389274935","","Destabilizing","0.35955","","0.3038157923864924","3.8450028223537287","3.54801","Destabilizing","0.4133357281230073","0.35955","False","0.083","","","","","","","","","","","","","","","","","","","","","","","","","","","","","","","","23.854","13.294","","True","23.854","","neutral","neutral","neutral","neutral","neutral","neutral","1474117","Uncertain significance","1","94.44","E","-0.3894","0.3009","-22.1765","-6.57835828740771","0.8510502456850293","Pathogenic","0.9715","pathogenic","","","https://doi.org/10.1101/2022.10.22.513328,https://doi.org/10.1101/2025.08.04.653638","","","","","","","","","","","","","","","","","","","","","","","","","True","PP3","","PP3","","PP3","PP3","True","1","0","0","0","0","0","0","","Stability"
"F320S","NP_006222:p.Phe320Ser","hg19,12:g.133252741A>G, hg38,12:g.132676155A>G","","","0.637","clinvar,saturation_mutlist","3.99428","","4.188252357892558","","Destabilizing","0.39794","","0.1884769299680757","4.176010110353649","3.99428","Destabilizing","0.4609473001699702","0.39794","False","0.083","","","","","","","","","","","","","","","","","","","","","","","","","","","","","","","","23.854","13.294","","True","23.854","","neutral","neutral","neutral","neutral","neutral","neutral","3683648","Uncertain significance","1","94.44","E","-0.4003","0.3009","-22.1765","-6.57835828740771","0.841155496688858","Pathogenic","0.987","pathogenic","","","https://doi.org/10.1101/2022.10.22.513328,https://doi.org/10.1101/2025.08.04.653638","","","","","","","","","","","","","","","","","","","","","","","","","True","PP3","","PP3","","PP3","PP3","True","1","0","0","0","0","0","0","","Stability"
"L343P","NP_006222:p.Leu343Pro","hg19,12:g.133252399A>G, hg38,12:g.132675813A>G","","","0.713","clinvar,saturation_mutlist","7.40901","","8.68990059110006","","Destabilizing","1.68655","","0.1589982391585557","8.86279635201796","7.40901","Destabilizing","0.5020874442676272","1.68655","False","0.147","","","","","","","","","","","","","","","Uncertain","Uncertain","Uncertain","Uncertain","Uncertain","Uncertain","Uncertain","","","","","","Uncertain","Uncertain","Uncertain","Uncertain","Uncertain","64.099","9.847","","False","64.099","","neutral","neutral","neutral","neutral","neutral","neutral","1770189","Uncertain significance","2","96.57","H","-0.2904","1.5691","-8.8947","-5.18957200029745","0.1196248694620307","Benign","0.9974","pathogenic","","","https://doi.org/10.1101/2022.10.22.513328,https://doi.org/10.1101/2025.08.04.653638","","","","","","","","","","","","","","","","","","","","","","","","","True","PP3","PP3","","","","PP3","True","1","0","0","0","0","0","0","","Stability"
"F348S","NP_006222:p.Phe348Ser","hg19,12:g.133252384A>G, hg38,12:g.132675798A>G","","","0.679","clinvar,saturation_mutlist","4.99112","","3.739908103793749","","Destabilizing","0.80419","","0.7545892495055523","4.517679066640351","4.99112","Destabilizing","0.691499278312244","0.80419","False","0.186","","","","","","","","","","","","","","","","","","","","","","","","","","","","","","","","24.311","15.093","","False","24.311","","neutral","neutral","neutral","neutral","neutral","neutral","2768971","Uncertain significance","1","95.75","H","-0.4098","0.1973","-22.1825","-6.04894850169683","0.5346545867451545","Uncertain","0.9764","pathogenic","","","https://doi.org/10.1101/2022.10.22.513328,https://doi.org/10.1101/2025.08.04.653638","","","","","","","","","","","","","","","","","","","","","","","","","True","PP3","","","","PP3","PP3","True","1","0","0","0","0","0","0","","Stability"
"T361I","NP_006222:p.Thr361Ile","hg19,12:g.133252345G>A, hg38,12:g.132675759G>A","","","0.617","COSMIC,clinvar,saturation_mutlist","0.48818","","-0.3138682289968516","","Neutral","1.0389","","0.4488539733311477","-0.1033770039037333","0.48818","Neutral","0.3204754265723452","1.0389","False","0.15","","","","","","","","","","","","","","","","","","","","","","","","-0.05191","-1.46965","","","","","Neutral","Stabilizing","7.308","4.535","","True","7.308","","uncertain","","","neutral","neutral","neutral","3422170","Uncertain significance","1","96.3","E","-0.3348","0.1474","-22.1795","-3.60736856774781","0.8537280643456322","Pathogenic","0.9978","pathogenic","","","https://doi.org/10.1101/2022.10.22.513328,https://doi.org/10.1101/2025.08.04.653638","","","","","","","","","","","","","","","","","","","","","","","","","True","PP3","PP3","PP3","","","PP3","True","0","0","1","0","0","0","0","","Local Int. DNA"
"N363D","NP_006222:p.Asn363Asp","hg19,12:g.133252340T>C, hg38,12:g.132675754T>C","","","0.536","cBioPortal,COSMIC,clinvar,saturation_mutlist","1.27179","","1.5063640569827743","","Neutral","0.46337","","0.1656216884814408","1.206554916541645","1.27179","Neutral","0.2496138145242204","0.46337","False","0.026","","","","","","","","","","","","","","","Uncertain","Uncertain","Uncertain","Uncertain","Uncertain","Uncertain","Uncertain","","","1.417","0.44986","","Uncertain","Uncertain","Uncertain","Destabilizing","Neutral","29.077","13.205","","False","29.077","","neutral","neutral","neutral","uncertain","neutral","neutral","947213","Uncertain significance","1","92.18","S","-0.3278","0.0437","-22.1765","-4.25894711356051","0.8566451032227504","Pathogenic","0.9758","pathogenic","","","https://doi.org/10.1101/2022.10.22.513328,https://doi.org/10.1101/2025.08.04.653638","","","","","","","","","","","","","","","","","","","","","","","","","True","PP3","","PP3","","","PP3","True","0","0","1","0","0","0","0","","Local Int. DNA"
"N363I","NP_006222:p.Asn363Ile","hg19,12:g.133252339T>A, hg38,12:g.132675753T>A","","","0.654","clinvar,saturation_mutlist","2.24723","","0.5316490511163671","","Uncertain","0.95399","","0.1931405064415869","0.5781047252736629","2.24723","Uncertain","0.4131470067330579","0.95399","False","0.026","","","","","","","","","","","","","","","Uncertain","Uncertain","Uncertain","Uncertain","Uncertain","Uncertain","Uncertain","","","1.66646","-1.7434","","Uncertain","Uncertain","Uncertain","Destabilizing","Stabilizing","29.077","13.205","","False","29.077","","neutral","neutral","neutral","neutral","neutral","neutral","2043479","Uncertain significance","1","92.18","S","-0.3748","0.0437","-22.1765","-7.07752795972421","0.8551701432058039","Pathogenic","0.9837","pathogenic","","","https://doi.org/10.1101/2022.10.22.513328,https://doi.org/10.1101/2025.08.04.653638","","","","","","","","","","","","","","","","","","","","","","","","","True","PP3","","PP3","","PP3","PP3","True","0","0","1","0","0","0","0","","Local Int. DNA"
"D368G","NP_006222:p.Asp368Gly","hg19,12:g.133252324T>C, hg38,12:g.132675738T>C","","","0.846","clinvar,saturation_mutlist","-0.0851","","2.133696420954801","","Uncertain","0.89717","","0.5255136844471752","1.6725105234101063","-0.0851","Neutral","0.3411741272014124","0.89717","False","0.073","","","","","","","","","","","","","","","","","","","","","","","","0.02249","1.36972","","","","","Neutral","Destabilizing","2.663","1.631","","False","2.663","","neutral","neutral","neutral","neutral","neutral","neutral","2076207","Uncertain significance","2","93.63","H","-0.3555","0.0437","-22.1765","-7.25513864268412","0.8492247160823813","Pathogenic","0.9957","pathogenic","significant","damaging","https://doi.org/10.1101/2022.10.22.513328,https://doi.org/10.1101/2025.08.04.653638","","","","","","","","","","","","","","","","","","","","","","","","","True","PP3","PP3","PP3","","","PP3","True","0","0","1","0","0","0","0","","Local Int. DNA"
"D368V","NP_006222:p.Asp368Val","hg19,12:g.133252324T>A, hg38,12:g.132675738T>A","","","0.829","clinvar,saturation_mutlist","-1.49213","","-0.0658386207191809","","Neutral","1.01401","","0.2441584146333045","-0.0459306228583616","-1.49213","Neutral","0.2819417445974597","1.01401","False","0.073","","","","","","","","","","","","","","","","","","","","","","","","0.0122","2.17218","","","","","Neutral","Destabilizing","2.663","1.631","","False","2.663","","neutral","neutral","neutral","neutral","neutral","neutral","3935712","Uncertain significance","1","93.63","H","-0.3914","0.0437","-22.1765","-7.25513864268412","0.8436362702445528","Pathogenic","0.997","pathogenic","significant","damaging","https://doi.org/10.1101/2022.10.22.513328,https://doi.org/10.1101/2025.08.04.653638","","","","","","","","","","","","","","","","","","","","","","","","","True","PP3","PP3","PP3","","PP3","PP3","True","0","0","1","0","0","0","0","","Local Int. DNA"
"R375G","NP_006222:p.Arg375Gly","hg19,12:g.133252087G>C, hg38,12:g.132675501G>C","","","0.611","clinvar,saturation_mutlist","4.19629","","3.1792064113001537","","Destabilizing","0.77719","","0.1305445903034847","3.366915868525144","4.19629","Destabilizing","0.3761728888988077","0.77719","False","0.086","","","","","","","","","","","","","","","","","","","","","","","","","","","","","","","","10.269","6.214","","False","10.269","","neutral","neutral","neutral","neutral","neutral","neutral","473436","Uncertain significance","2","94.45","H","-0.4449","0.0001","-22.1795","-7.50818469128931","0.8565247516722785","Pathogenic","0.9939","pathogenic","","","https://doi.org/10.1101/2022.10.22.513328,https://doi.org/10.1101/2025.08.04.653638","","","","","","","","","","","","","","","","","","","","","","","","","True","PP3","","PP3","","PP3","PP3","True","1","0","0","0","0","0","0","","Stability"
"R375P","NP_006222:p.Arg375Pro","hg19,12:g.133252086C>G, hg38,12:g.132675500C>G","","","0.551","clinvar,saturation_mutlist","5.20786","","6.4512511408204345","","Destabilizing","1.09818","","0.1035500929875577","7.291553268563047","5.20786","Destabilizing","0.8836371132839378","1.09818","False","0.086","","","","","","","","","","","","","","","","","","","","","","","","","","","","","","","","10.269","6.214","","False","10.269","","neutral","neutral","neutral","neutral","neutral","neutral","1508843","Uncertain significance","1","94.45","H","-0.5516","0.0001","-22.1795","-7.50818469128931","0.8517661125840913","Pathogenic","0.9976","pathogenic","","","https://doi.org/10.1101/2022.10.22.513328,https://doi.org/10.1101/2025.08.04.653638","","","","","","","","","","","","","","","","","","","","","","","","","True","PP3","PP3","PP3","","PP3","PP3","True","1","0","0","0","0","0","0","","Stability"
"A376E","NP_006222:p.Ala376Glu","hg19,12:g.133252083G>T, hg38,12:g.132675497G>T","","","0.545","clinvar,saturation_mutlist","5.36086","","1.847348837261337","","Uncertain","2.11023","","0.5569992990775608","3.307402108944351","5.36086","Destabilizing","1.650511142111476","2.11023","False","0.088","","","","","","","","","","","","","","","","","","","","","","","","","","","","","","","","4.263","5.971","","False","4.263","","neutral","neutral","neutral","neutral","neutral","neutral","649483","Uncertain significance","1","94.0","H","-0.3772","0.3307","-22.1795","-6.51627907847756","0.5665535402538777","Uncertain","0.9954","pathogenic","","","https://doi.org/10.1101/2022.10.22.513328,https://doi.org/10.1101/2025.08.04.653638","","","","","","","","","","","","","","","","","","","","","","","","","True","PP3","PP3","","","PP3","PP3","True","1","0","0","0","0","0","0","","Stability"
"A376P","NP_006222:p.Ala376Pro","hg19,12:g.133252084C>G, hg38,12:g.132675498C>G","","","0.509","clinvar,saturation_mutlist","4.69543","","6.14225258337487","","Destabilizing","1.43365","","1.4054031009725734","7.002449497884053","4.69543","Destabilizing","0.9915885076999184","1.43365","False","0.088","","","","","","","","","","","","","","","","","","","","","","","","","","","","","","","","4.263","5.971","","False","4.263","","neutral","neutral","neutral","neutral","neutral","neutral","1055342","Uncertain significance","1","94.0","H","-0.4313","0.3307","-22.1795","-6.51627907847756","0.5010011028590942","Uncertain","0.9984","pathogenic","","","https://doi.org/10.1101/2022.10.22.513328,https://doi.org/10.1101/2025.08.04.653638","","","","","","","","","","","","","","","","","","","","","","","","","True","PP3","PP3","","","PP3","PP3","True","1","0","0","0","0","0","0","","Stability"
"C407W","NP_006222:p.Cys407Trp","hg19,12:g.133251989G>C, hg38,12:g.132675403G>C","","","0.445","clinvar,saturation_mutlist","9.59321","","1.466010965206655","","Uncertain","4.43818","","0.3837211308951725","2.128718826482137","9.59321","Uncertain","0.690384900894158","4.43818","False","0.184","","","","","","","","","","","","","","","Uncertain","Uncertain","Uncertain","Uncertain","Uncertain","Uncertain","Uncertain","","","-0.05304","-1.46756","","Uncertain","Uncertain","Uncertain","Neutral","Stabilizing","48.645","22.151","","False","48.645","","neutral","neutral","neutral","neutral","neutral","neutral","1009630","Uncertain significance","1","94.59","H","-0.4182","0.7725","-22.1825","-5.68163578432389","0.6424544569053038","Uncertain","0.9995","pathogenic","","","https://doi.org/10.1101/2022.10.22.513328,https://doi.org/10.1101/2025.08.04.653638","","","","","","","","","","","","","","","","","","","","","","","","","True","","PP3","","","PP3","PP3","True","0","0","1","0","0","0","0","","Local Int. DNA"
"W410C","NP_006222:p.Trp410Cys","hg19,12:g.133250290C>A, hg38,12:g.132673704C>A","","","0.604","clinvar,saturation_mutlist","4.17402","","5.373742043709665","","Destabilizing","0.66978","","0.5372307164570979","5.303237836274215","4.17402","Destabilizing","0.4483925094992744","0.66978","False","0.289","","","","","","","","","","","","","","","Uncertain","Uncertain","Uncertain","Uncertain","Uncertain","Uncertain","Uncertain","","","","","","Uncertain","Uncertain","Uncertain","Uncertain","Uncertain","54.663","16.84","","False","54.663","","neutral","neutral","neutral","neutral","neutral","neutral","2744361","Uncertain significance","1","91.07","H","-0.5122","0.0001","-22.1976","-7.63704715736731","0.8450066814171865","Pathogenic","0.9992","pathogenic","","","https://doi.org/10.1101/2022.10.22.513328,https://doi.org/10.1101/2025.08.04.653638","","","","","","","","","","","","","","","","","","","","","","","","","True","PP3","PP3","PP3","PP3","PP3","PP3","True","1","0","0","0","0","0","0","","Stability"
"W410R","NP_006222:p.Trp410Arg","hg19,12:g.133250292A>G, hg38,12:g.132673706A>G","","","0.661","clinvar,saturation_mutlist","4.4545","","4.971161274816841","","Destabilizing","0.53034","","0.6067426282516409","4.696759654508295","4.4545","Destabilizing","0.5263464988271308","0.53034","False","0.289","","","","","","","","","","","","","","","Uncertain","Uncertain","Uncertain","Uncertain","Uncertain","Uncertain","Uncertain","","","","","","Uncertain","Uncertain","Uncertain","Uncertain","Uncertain","54.663","16.84","","False","54.663","","neutral","neutral","neutral","neutral","neutral","neutral","658594","Uncertain significance","1","91.07","H","-0.5602","0.0001","-22.1976","-7.63704715736731","0.8293846333433333","Pathogenic","0.9999","pathogenic","","","https://doi.org/10.1101/2022.10.22.513328,https://doi.org/10.1101/2025.08.04.653638","","","","","","","","","","","","","","","","","","","","","","","","","True","PP3","PP3","","PP3","PP3","PP3","True","1","0","0","0","0","0","0","","Stability"
"P418S","NP_006222:p.Pro418Ser","hg19,12:g.132673682G>A, hg19,12:g.133250268G>A, hg19,12:g.133250268_133250269delinsAT, hg38,12:g.132673682G>A, hg38,12:g.132673682_132673683delinsAT","","","0.548","cBioPortal,COSMIC,clinvar,saturation_mutlist","1.756","","-0.2001486072778873","","Neutral","0.56749","","0.0521032794723799","-0.090063897313603","1.756","Neutral","0.1906043363913108","0.56749","False","0.023","","","","","","","","","","","","","","","","","","","","","","-1.4363","0.53348","-0.00024","","-0.0088","Stabilizing","Neutral","Neutral","Neutral","","2.588","2.684","","True","2.588","","neutral","neutral","neutral","neutral","neutral","neutral","1720643","Uncertain significance","1","65.89","-","-0.3271","0.0001","-22.1916","-7.63632558559463","0.8414505346142636","Pathogenic","0.9866","pathogenic","","","https://doi.org/10.1101/2022.10.22.513328,https://doi.org/10.1101/2025.08.04.653638","","","","","","","","","","","","","","","","","","","","","","","","","True","PP3","","PP3","PP3","","PP3","True","0","0","1","0","0","0","0","","Local Int. DNA"
"G420D","NP_006222:p.Gly420Asp","hg19,12:g.133250261C>T, hg38,12:g.132673675C>T","","","0.568","clinvar,saturation_mutlist","0.63184","","0.0871681896590486","","Neutral","1.62289","","0.7568967070468757","-0.3842458827479216","0.63184","Neutral","0.3584614068470038","1.62289","False","0.006","","","","","","","","","","","","","","","Uncertain","Uncertain","Uncertain","Uncertain","Uncertain","Uncertain","Uncertain","-0.02475","0.02042","1.53671","","0.05851","Neutral","Neutral","Neutral","Destabilizing","Uncertain","44.931","36.981","","True","44.931","","neutral","neutral","neutral","neutral","neutral","neutral","1337022","Uncertain significance","2","63.56","G","-0.4437","0.0001","-22.1946","-7.58498996748723","0.8555095423428007","Pathogenic","0.9982","pathogenic","","","https://doi.org/10.1101/2022.10.22.513328,https://doi.org/10.1101/2025.08.04.653638","","","","","","","","","","","","","","","","","","","","","","","","","True","PP3","PP3","PP3","PP3","PP3","PP3","True","0","0","1","0","0","0","0","","Local Int. DNA"
"H422D","NP_006222:p.His422Asp","hg19,12:g.133250256G>C, hg38,12:g.132673670G>C","","","0.559","cBioPortal,clinvar,saturation_mutlist","1.05368","","2.163621330680933","","Uncertain","0.76097","","0.4666649495084073","1.5242538710789442","1.05368","Neutral","0.5611091883647646","0.76097","False","0.004","","","","","","","","","","","","","","","","","","","","","","0.08535","-0.04051","0.07204","-1.37853","0.0087","Neutral","Neutral","Neutral","Neutral","Stabilizing","6.692","8.129","","True","6.692","","neutral","neutral","neutral","neutral","neutral","neutral","405630","Uncertain significance","2","80.29","-","-0.2256","1.2875","-22.1946","-2.63747690798005","0.0528790589984845","Benign","0.9663","pathogenic","","","https://doi.org/10.1101/2022.10.22.513328,https://doi.org/10.1101/2025.08.04.653638","","","","","","","","","","","","","","","","","","","","","","","","","True","PP3","","","","","PP3","True","0","0","1","0","0","0","0","","Local Int. DNA"
"A428P","NP_006222:p.Ala428Pro","hg19,12:g.133250238C>G, hg38,12:g.132673652C>G","","","0.561","clinvar,saturation_mutlist","3.92283","","5.872442019096806","","Destabilizing","1.29877","","1.218270360088974","5.857645194915063","3.92283","Destabilizing","0.7081376632412096","1.29877","False","0.058","","","","","","","","","","","","","","","","","","","","","","","","","","","","","","","","0.0","0.009","","True","0.0","","neutral","neutral","neutral","neutral","neutral","neutral","860595","Uncertain significance","1","85.12","H","-0.3608","1.0981","-22.1976","-6.78926265729454","0.4673553711373414","Uncertain","0.9982","pathogenic","","","https://doi.org/10.1101/2022.10.22.513328,https://doi.org/10.1101/2025.08.04.653638","","","","","","","","","","","","","","","","","","","","","","","","","True","PP3","PP3","","","PP3","PP3","True","1","0","0","0","0","0","0","","Stability"
"A430P","NP_006222:p.Ala430Pro","hg19,12:g.133250232C>G, hg38,12:g.132673646C>G","","","0.594","clinvar,saturation_mutlist","3.57352","","4.125032316886342","","Destabilizing","1.35889","","1.4431715392182882","5.514878723875791","3.57352","Destabilizing","1.1510465162796395","1.35889","False","0.038","","","","","","","","","","","","","","","","","","","","","","","","","","","","","","","","0.14","0.608","","False","0.14","","neutral","neutral","neutral","neutral","neutral","neutral","1769025","Uncertain significance","1","74.71","H","-0.4103","0.5599","-22.2006","-6.55402225966197","0.6203769879746492","Uncertain","0.996","pathogenic","","","https://doi.org/10.1101/2022.10.22.513328,https://doi.org/10.1101/2025.08.04.653638","","","","","","","","","","","","","","","","","","","","","","","","","True","PP3","PP3","","","PP3","PP3","True","1","0","0","0","0","0","0","","Stability"
"L432P","NP_006222:p.Leu432Pro","hg19,12:g.133250225A>G, hg38,12:g.132673639A>G","","","0.693","COSMIC,clinvar,saturation_mutlist","4.75749","","6.938435901192179","","Destabilizing","1.36376","","1.0526991422063412","7.4165172494879075","4.75749","Destabilizing","0.510541119795461","1.36376","False","0.016","","","","","","","","","","","","","","","","","","","","","","","","","","","","","","","","0.113","0.403","","True","0.113","","neutral","neutral","neutral","neutral","neutral","neutral","4141235","Uncertain significance","1","83.27","T","-0.5007","0.0216","-22.1976","-7.63862987923032","0.856353657834991","Pathogenic","0.9975","pathogenic","","","https://doi.org/10.1101/2022.10.22.513328,https://doi.org/10.1101/2025.08.04.653638","","","","","","","","","","","","","","","","","","","","","","","","","True","PP3","PP3","PP3","PP3","PP3","PP3","True","1","0","0","0","0","0","0","","Stability"
"L439P","NP_006222:p.Leu439Pro","hg19,12:g.133250204A>G, hg38,12:g.132673618A>G","","","0.543","cBioPortal,clinvar,saturation_mutlist","3.59302","","5.392743073228572","","Destabilizing","1.21132","","0.5284537867396611","5.226260561317422","3.59302","Destabilizing","0.7469377235320593","1.21132","False","0.02","","","","","","","","","","","","","","","","","","","","","","","","","0.00914","","","","","","Neutral","0.067","0.188","","True","0.067","","neutral","neutral","neutral","neutral","neutral","neutral","3901799","Uncertain significance","2","80.38","-","-0.4426","0.6526","-22.1916","-6.84484006896682","0.6419073343653037","Uncertain","0.9931","pathogenic","","","https://doi.org/10.1101/2022.10.22.513328,https://doi.org/10.1101/2025.08.04.653638","","","","","","","","","","","","","","","","","","","","","","","","","True","PP3","","","","PP3","PP3","True","1","0","0","0","0","0","0","","Stability"
"P441L","NP_006222:p.Pro441Leu","hg19,12:g.132673612G>A, hg19,12:g.133250198G>A, hg19,12:g.133250198_133250199delinsAA, hg38,12:g.132673612G>A","","1.19556207358e-05","0.48","cBioPortal,COSMIC,clinvar,saturation_mutlist","0.53122","","-0.948206338278427","","Neutral","0.91808","","0.2459766026563672","-0.9340388220949924","0.53122","Neutral","0.2899111292082104","0.91808","False","0.015","","","","","","","","","","","","","","","","","","","","","","","","0.0","-1.066","","","","","Neutral","Stabilizing","0.127","0.406","","False","0.127","","neutral","neutral","neutral","neutral","neutral","neutral","484468","Uncertain significance","2","77.76","T","-0.3742","0.0217","-22.1916","-7.49906296787143","0.8392987696203066","Pathogenic","0.9166","pathogenic","","","https://doi.org/10.1101/2022.10.22.513328,https://doi.org/10.1101/2025.08.04.653638","","","","","","","","","","","","","","","","","","","","","","","","","True","","","","","PP3","PP3","True","0","0","1","0","0","0","0","","Local Int. DNA"
"L455P","NP_006222:p.Leu455Pro","hg19,12:g.133249859A>G, hg38,12:g.132673273A>G","","","0.567","clinvar,saturation_mutlist","6.50254","","8.298579981720186","","Destabilizing","2.24373","","0.5794912165718095","8.861034986517097","6.50254","Destabilizing","0.7395019692173158","2.24373","False","0.051","","","","","","","","","","","","","","","","","","","","","","","","","","","","","","","","0.716","1.352","","True","0.716","","neutral","neutral","neutral","neutral","neutral","neutral","2625228","Uncertain significance","1","92.25","H","-0.4668","0.3908","-22.2006","-6.77558386138212","0.7008285963793776","Pathogenic","0.9988","pathogenic","","","https://doi.org/10.1101/2022.10.22.513328,https://doi.org/10.1101/2025.08.04.653638","","","","","","","","","","","","","","","","","","","","","","","","","True","PP3","PP3","","","PP3","PP3","True","1","0","0","0","0","0","0","","Stability"
"A456P","NP_006222:p.Ala456Pro","hg19,12:g.132673271C>G, hg19,12:g.133249857C>G, hg38,12:g.132673271C>G","","","0.62","cBioPortal,COSMIC,clinvar,saturation_mutlist","4.83773","","7.989345824067872","","Destabilizing","1.75113","","0.6155827567059117","7.236381018842495","4.83773","Destabilizing","1.0518927466794092","1.75113","False","0.073","","","","","","","","","","","","","","","","","","","","","","","","","","","","","","","","0.0","0.002","","True","0.0","","neutral","neutral","neutral","neutral","neutral","neutral","574902","Uncertain significance","1","92.75","H","-0.403","0.6391","-22.1976","-6.48240575020081","0.7176866385675299","Pathogenic","0.9985","pathogenic","significant","damaging","https://doi.org/10.1101/2022.10.22.513328,https://doi.org/10.1101/2025.08.04.653638","","","","","","","","","","","","","","","","","","","","","","","","","True","PP3","PP3","","","PP3","PP3","True","1","0","0","0","0","0","0","","Stability"
"T457P","NP_006222:p.Thr457Pro","hg19,12:g.133249854T>G, hg38,12:g.132673268T>G","","","0.531","clinvar,saturation_mutlist","3.12919","","6.405383361102838","","Destabilizing","1.42048","","0.2134561492298664","5.697650551426689","3.12919","Destabilizing","1.0108337878646867","1.42048","False","0.085","","","","","","","","","","","","","","","","","","","","","","","","","","","","","","","","0.592","0.82","","True","0.592","","uncertain","","","uncertain","neutral","neutral","1996516","Uncertain significance","1","92.16","H","-0.2885","2.156","-22.1976","-4.94579433172573","0.0004837322079509","Benign","0.7104","pathogenic","","","https://doi.org/10.1101/2022.10.22.513328,https://doi.org/10.1101/2025.08.04.653638","","","","","","","","","","","","","","","","","","","","","","","","","True","PP3","","","","","PP3","True","1","0","0","0","0","0","0","","Stability"
"Y467S","NP_006222:p.Tyr467Ser","hg19,12:g.133249823T>G, hg38,12:g.132673237T>G","","","0.648","clinvar,saturation_mutlist","4.2061","","3.82735903221736","","Destabilizing","0.72239","","0.4329142861484014","4.519622954773195","4.2061","Destabilizing","0.5014735623319363","0.72239","True","0.262","","","","","","","","","","","","","","","Uncertain","Uncertain","Uncertain","Uncertain","Uncertain","Uncertain","Uncertain","","","","","","Uncertain","Uncertain","Uncertain","Uncertain","Uncertain","27.67","6.51","","True","27.67","","uncertain","","","neutral","neutral","neutral","2814034","Uncertain significance","2","95.27","H","-0.4337","0.2488","-22.2036","-7.60058672721004","0.8479109238455378","Pathogenic","0.9787","pathogenic","","","https://doi.org/10.1101/2022.10.22.513328,https://doi.org/10.1101/2025.08.04.653638","","","","","","","","","","","","","","","","","","","","","","","","","True","PP3","","PP3","PP3","PP3","PP3","True","1","0","0","0","0","0","0","","Stability"
"Y468S","NP_006222:p.Tyr468Ser","hg19,12:g.133249820T>G, hg38,12:g.132673234T>G","","","0.623","clinvar,saturation_mutlist","3.73652","","3.6031471231629246","","Destabilizing","0.54633","","0.9217228282289488","3.5654540903985508","3.73652","Destabilizing","0.4528676683810825","0.54633","True","0.328","","","","","","","","","","","","","","","","","","","","","","","","","","","","","","","","6.239","5.383","","True","6.239","","uncertain","","","neutral","neutral","neutral","1719732","Uncertain significance","1","92.2","H","-0.4457","0.1179","-22.2036","-7.70107584478691","0.8493481802959018","Pathogenic","0.9334","pathogenic","","","https://doi.org/10.1101/2022.10.22.513328,https://doi.org/10.1101/2025.08.04.653638","","","","","","","","","","","","","","","","","","","","","","","","","True","PP3","","PP3","PP3","PP3","PP3","True","1","0","0","0","0","0","0","","Stability"
"L469P","NP_006222:p.Leu469Pro","hg19,12:g.133249817A>G, hg38,12:g.132673231A>G","","","0.521","clinvar,saturation_mutlist","7.51835","","9.21116472694471","","Destabilizing","1.82313","","0.1128866601927816","9.051961595958316","7.51835","Destabilizing","0.9504416115561286","1.82313","True","0.357","","","","","","","","","","","","","","","Uncertain","Uncertain","Uncertain","Uncertain","Uncertain","Uncertain","Uncertain","","","","","","Uncertain","Uncertain","Uncertain","Uncertain","Uncertain","28.0","10.334","","True","28.0","","neutral","neutral","neutral","neutral","neutral","neutral","1487717","Uncertain significance","2","91.42","H","-0.4575","0.4922","-22.2066","-6.66581818956967","0.7657913970583766","Pathogenic","0.9953","pathogenic","","","https://doi.org/10.1101/2022.10.22.513328,https://doi.org/10.1101/2025.08.04.653638","","","","","","","","","","","","","","","","","","","","","","","","","True","PP3","PP3","","","PP3","PP3","True","1","0","0","0","0","0","0","","Stability"
"Y470C","NP_006222:p.Tyr470Cys","hg19,12:g.133249814T>C, hg38,12:g.132673228T>C","","","0.634","clinvar,saturation_mutlist","4.94148","","4.560758304552006","","Destabilizing","0.4628","","0.3652908960497712","4.404256180300705","4.94148","Destabilizing","0.2974925681054543","0.4628","True","0.38","","","","","","","","","","","","","","","","","","","","","","","","","","","","","","","","23.231","7.41","","True","23.231","","uncertain","","","neutral","neutral","neutral","819137","Uncertain significance","2","93.48","I","-0.4206","0.0215","-22.2066","-7.85285999270511","0.8564959318572875","Pathogenic","0.9408","pathogenic","","","https://doi.org/10.1101/2022.10.22.513328,https://doi.org/10.1101/2025.08.04.653638","","","","","","","","","","","","","","","","","","","","","","","","","True","PP3","","PP3","PP3","PP3","PP3","True","1","0","0","0","0","0","0","","Stability"
